Game,Date,Reported units sold,Reported revenue,Source,steam Id
A Little Golf Journey,Fri Feb 24 2023,1500,undefined,https://www.reddit.com/r/gamedev/comments/10sncuk/our_steam_review_ratio_has_been_basically_0_for/,1232150
Among the Sleep - Enhanced Edition,Tue Feb 14 2017,186104,undefined,https://www.pcgamesn.com/steam/steam-spy-accuracy-developers,250620
Aragami,Fri Oct 04 2019,320000,undefined,https://twinfinite.net/news/stealth-indie-aragami-has-sold-500000-pc-switch-most-successful-platforms/,280160
Avorion,Mon Jun 13 2022,450000,undefined,https://80.lv/articles/space-sandbox-avorion-s-sales-reached-almost-450-000-copies/,445220
Barotrauma,Fri Jun 04 2021,800000,undefined,https://barotraumagame.com/announcements/two-years-of-early-access/,602960
Battle Royale Tycoon,Mon Nov 04 2019,15000,undefined,https://www.youtube.com/watch?v=e7cwJqvq_Fo,851930
Beardy McStrongarm,Thu Nov 10 2022,55,undefined,https://www.youtube.com/watch?v=e7cwJqvq_Fo,1223370
Big Ambitions,Sat Mar 25 2023,150000,undefined,https://www.gamespress.com/Sandbox-Sim-Big-Ambitions-Sells-150000-Copies-In-14-Days,1331550
Blockappend,Sat Mar 11 2023,49,undefined,https://www.reddit.com/r/gamedev/comments/11ojvy9/blockappend_a_small_postmortem_for_a_small_puzzle/,2249120
Bloody Rally Show,Tue Feb 23 2021,2500,undefined,https://twitter.com/dev_spajus/status/1364279228167036931,926860
Bonding Ambivalence,Sat Apr 01 2023,3400,"$39,000.00",https://www.reddit.com/r/gamedev/comments/128t2ni/our_experience_of_releasing_a_game_without/,1886070
Buddy Simulator 1984,Mon Oct 17 2022,75000,undefined,https://www.reddit.com/r/gamedev/comments/y6glpm/our_indie_game_has_sold_over_75000_copies_on/,1269950
Cat Herder,Thu Feb 02 2023,1500,undefined,https://www.reddit.com/r/gamedev/comments/10rrlc8/three_months_later_postmortem_on_a_mediocre/,2083180
Cauldrons of War - Barbarossa,Sat Apr 08 2023,8000,undefined,https://twitter.com/GamingAtWork/status/1644962058952122369,1265220
City Climber,Mon May 17 2021,20000,undefined,https://twitter.com/OndrejAngelovic/status/1394391519147220996,538840
Contraband Police,Tue Apr 04 2023,250000,undefined,https://twitter.com/savingcontent/status/1643298387758833687,756800
Core Keeper,Fri Jun 10 2022,1000000,undefined,https://fireshinegames.co.uk/core-keeper-hits-one-million-sales/,1621690
Cosmic Star Heroine,Thu Mar 17 2022,58000,undefined,https://twitter.com/ZeboydGames/status/1504502111068905483,256460
Crusader Kings III,Thu Mar 17 2022,2000000,undefined,https://www.gamewatcher.com/news/crusader-kings-3-sold-2-million-copies,1158310
Cthulhu Saves Christmas,Thu Mar 17 2022,13000,undefined,https://twitter.com/ZeboydGames/status/1504502111068905483,1057540
Cthulhu Saves the World,Thu Mar 17 2022,671000,undefined,https://twitter.com/ZeboydGames/status/1504502111068905483,107310
Cultist Simulator,Mon Feb 18 2019,85000,undefined,https://store.steampowered.com/news/app/433340/view/3112550823870326084,718670
Cygnus Enterprises,Sat Apr 15 2023,5000,undefined,https://www.reddit.com/r/IndieGaming/comments/12mt3q7/critique_my_game_and_tell_me_why_it_isnt_selling/,1963520
Darkest Dungeon®,Thu Nov 03 2016,1000000,undefined,https://www.dualshockers.com/darkest-dungeon-surpasses-one-million-copies-sold-94-percent-came-steam/,262060
Deep Rock Galactic,Mon Dec 31 2018,500000,undefined,https://twitter.com/JoinDeepRock/status/1079752481528258560,548430
Dinkum,Wed Aug 17 2022,350000,undefined,https://newsletter.gamediscover.co/p/dinkums-350k-sales-in-a-month-serendipity,1062520
Dread Hunger,Wed Apr 13 2022,1000000,undefined,https://store.steampowered.com/news/app/1418630/view/3211638257860936041,1418630
Dungeons of Edera,Thu Jun 16 2022,38584,"$520,744.00",https://www.reddit.com/r/gamedev/comments/vdkwp8/retrospective_3_years_early_access_384000_net/,1131240
Dwarf Fortress,Wed Jan 04 2023,500000,undefined,https://gamerant.com/dwarf-fortress-500000-sold-steam-december-2022/,975370
Eastshade,Thu Oct 01 2020,127000,"$1,800,000.00",https://www.gamesindustry.biz/eastshade-has-made-usd2m-since-launch,715560
Eggcelerate!,Sat Nov 20 2021,1000,undefined,https://www.youtube.com/watch?v=e7cwJqvq_Fo,1535490
Elong Plug,Thu Mar 02 2023,5000,undefined,undefined,2172030
Escape Simulator,Wed May 04 2022,1000000,undefined,https://www.gamegrin.com/news/escape-simulator-1-million-copies-sold/,1435790
EVERSPACE™,Thu Apr 20 2023,879000,"$10,717,000.00",https://www.gamesindustry.biz/comparing-space-oranges-and-zero-g-apples-a-deep-dive-into-everspaces-steam-launch,396750
EVERSPACE™ 2,Thu Apr 20 2023,276000,"$9,913,000.00",https://www.gamesindustry.biz/comparing-space-oranges-and-zero-g-apples-a-deep-dive-into-everspaces-steam-launch,1128920
Final Profit: A Shop RPG,Sat Mar 11 2023,137,undefined,https://www.reddit.com/r/gamedev/comments/11o9v9j/launched_4_days_ago_lets_talk_about_it_ill_bring/,1705140
Freedom Planet 2,Wed Nov 09 2022,16000,undefined,https://twitter.com/galaxytrail/status/1590365014510440448,595500
Furi,Sun Oct 11 2020,280000,undefined,https://twitter.com/TheGameBakers/status/1304481784097394688,423230
Garry's Mod,Mon Sep 20 2021,20000000,undefined,https://en.wikipedia.org/wiki/Garry's_Mod#Sales,4000
Gibbous -  A Cthulhu Adventure,Sat Jan 16 2021,40000,undefined,https://twitter.com/stuckinattic/status/1346543057152454664,914020
Golfing Over It with Alva Majo,Fri Jan 20 2023,100000,"$407,000.00",https://www.reddit.com/r/gamedev/comments/10guzhc/a_new_way_to_estimate_steam_game_sales/,817510
GROSS,Thu Mar 09 2023,3063,undefined,https://www.reddit.com/r/gamedev/comments/11momkd/first_game_moderate_success_3k_units_25k_net/,1647420
GRUNND,Wed Mar 01 2023,322,undefined,https://twitter.com/thegameawards/status/1629332923081187333,1449920
Guns of Icarus Online,Thu Jun 26 2014,450000,"$4,300,000.00",https://www.gamedeveloper.com/business/guns-of-icarus-online-post-mortem---epilogue-how-youtube-steam-and-our-players-got-us-this-far,209080
Handshakes,Tue Feb 21 2023,60000,undefined,https://www.reddit.com/r/gamedev/comments/118tra9/why_do_you_think_my_game_succeeded/,2171690
Hats and Hand Grenades,Wed Dec 07 2022,24078,undefined,https://www.reddit.com/r/gamedev/comments/zf4maf/greedy_postmortem/,1257800
Highway Blossoms,Thu Jun 17 2021,50000,undefined,https://twitter.com/vnstudioelan/status/1405634812552134656,451760
Hot Heat Reset: Chapter 1,Thu Mar 09 2023,2700,undefined,https://www.reddit.com/r/gamedev/comments/11mzrsw/it_is_worth_releasing_a_free_prologue_of_your/,2307370
Hydroneer,Wed Jul 27 2022,500000,undefined,https://newsletter.gamediscover.co/p/this-game-sold-nearly-500k-copies,1106840
I don't think I've walked this stretch of road before,Fri Feb 24 2023,250,undefined,https://twitter.com/bryinlyin/status/1629147891527737345,1874200
ICARUS,Fri Jan 20 2023,1020000,"$23,600,000.00",https://www.reddit.com/r/gamedev/comments/10guzhc/a_new_way_to_estimate_steam_game_sales/,1149460
Induction,Tue Mar 20 2018,1255,undefined,https://twitter.com/bryangale/status/979746205315096576,381890
Inscryption,Wed Jan 05 2022,1000000,undefined,"https://en.wikipedia.org/wiki/Inscryption#:~:text=It%20was%20released%20on%20Linux,million%20copies%20by%20January%202022.",1092790
Inspector Waffles,Wed Mar 23 2022,3500,undefined,https://twitter.com/golosogames/status/1506659905775751169,1055850
KIRO,Thu Nov 10 2022,165,undefined,https://www.youtube.com/watch?v=e7cwJqvq_Fo,1374050
Knock-knock,Tue Feb 14 2017,94000,undefined,https://www.pcgamesn.com/steam/steam-spy-accuracy-developers,250380
Larcin Lazer,Thu Feb 23 2023,1200,undefined,https://www.youtube.com/watch?v=rL2qaJnzU6M ,1707400
Loop Hero,Thu Dec 09 2021,1000000,undefined,https://techraptor.net/gaming/news/loop-hero-sales-hits-1-million-copies-on-steam,1282730
LOST EMBER,Thu Jan 13 2022,134000,undefined,https://www.mooneyestudios.com/news/games/lostember/lessons-learned-lost-ember-post-mortem-part-four/,563840
Lost Potato,Fri Oct 01 2021,1340,"$2,622.00",https://www.blobfish.dev/lost-potato-post-mortem/,1365010
Majotori,Fri Jan 20 2023,35000,"$80,000.00",https://www.reddit.com/r/gamedev/comments/10guzhc/a_new_way_to_estimate_steam_game_sales/,588730
Mark Out! The Wrestling Card Game,Thu Oct 14 2021,500,undefined,https://twitter.com/MarkOutCCG/status/1437960807401283584,1634990
Missing Hiker,Tue Mar 14 2023,100000,undefined,https://twitter.com/MrGemezl/status/1635714396302213150,2250090
Missing Hiker,Thu Feb 16 2023,10000,undefined,https://twitter.com/MrGemezl/status/1626300756071485446,2250090
Mixolumia,Tue Jun 22 2021,1420,"$6,202.00",https://mixolumia.com/postmortem/,1414020
Mortal Glory,Wed Feb 09 2022,23942,"$176,378.00",https://www.reddit.com/r/gamedev/comments/sohmbp/my_first_game_has_sold_176k_in_2_years_here_are/,1097530
Mortal Online 2,Wed Feb 02 2022,110000,undefined,"https://www.mmorpg.com/news/mortal-online-2-sells-110000-copies-hits-4-on-steam-as-demand-crushed-expectations-but-fixes-are-coming-2000124243#:~:text=1Live%20Streams-,Mortal%20Online%202%20Sells%20110%2C000%20Copies%2C%20Hits%20%234%20on%20Steam,Expectations%2C%20But%20Fixes%20Are%20Coming",1170950
My Jigsaw Adventures - Roads of Life,Tue Jan 25 2022,1000,undefined,https://twitter.com/GamingAtWork/status/1644962058952122369,1224450
Nebula,Fri Feb 24 2023,2418,undefined,https://www.reddit.com/r/gamedev/comments/11aotg3/one_month_after_releasing_my_first_game_on_steam/,2101250
Nightmare Reaper,Sat Mar 26 2022,20000,undefined,https://www.gamedeveloper.com/blogs/nightmare-reaper-doing-a-1-0-steam-release-the-right-way,1051690
Noobs Want to Live,Tue Feb 21 2023,100000,undefined,https://twitter.com/LightNgames/status/1628009095566589952,1737340
Octodad: Dadliest Catch,Wed Jan 30 2019,660000,undefined,https://twitter.com/octodadgame/status/1090671577048465408,224480
Osiris: New Dawn,Tue Jan 17 2023,600000,undefined,https://massivelyop.com/2023/01/19/osiris-new-dawn-formally-departs-early-access-for-launch-having-sold-600k-copies,402710
Out of Ammo,Fri Jan 20 2023,57000,"$718,000.00",https://www.reddit.com/r/gamedev/comments/10guzhc/a_new_way_to_estimate_steam_game_sales/,451840
Out of Ammo: Death Drive,Fri Jan 20 2023,11200,"$80,000.00",undefined,569630
Pawnbarian,Wed Dec 08 2021,8400,undefined,https://www.reddit.com/r/gamedev/comments/rc43hh/mostlysolo_firsttime_indie_postmortem_8k_sales/,1142080
Peglin,Tue Apr 03 2018,80204,undefined,https://howtomarketagame.com/2022/05/04/how-peglin-made-1049413-in-1-week/,1296610
Persona 4 Golden,Wed Jun 30 2021,1000000,undefined,https://twitter.com/Atlus_West/status/1410297079650349062,1113000
Placid Plastic Duck Simulator,Wed Dec 07 2022,76308,undefined,https://newsletter.gamediscover.co/p/how-did-the-plastic-duck-game-become,1999360
Please Fix The Road,Tue Jun 28 2022,10000,undefined,https://twitter.com/ArielJurkowski/status/1541858798360461313,1383250
PostCollapse,Tue Apr 07 2020,4000,"$15,800.00",https://www.irrlicht3d.org/index.php?t=1612,509770
Primordia,Sun May 01 2022,200000,undefined,https://twitter.com/WWSGames/status/1520984764504633344,227000
Production Line : Car factory simulation,Sat Aug 17 2019,100000,undefined,https://twitter.com/cliffski/status/1162698156322316288,591370
Project Heartbeat,Wed Jan 05 2022,3000,undefined,https://twitter.com/PHeartbeatGame/status/1478966359057121284,1216230
Protolife,Thu Jun 25 2020,17000,undefined,https://twitter.com/VolcanicGiraffe/status/1273160663888691202,809440
Punch A Bunch,Fri Feb 24 2023,10000,undefined,https://www.youtube.com/watch?v=qfss4941qqY,1512590
pureya,Fri Jan 20 2023,17000,"$59,000.00",https://www.reddit.com/r/gamedev/comments/10guzhc/a_new_way_to_estimate_steam_game_sales/,1268960
Ravenous Devils,Sun May 15 2022,100000,undefined,https://store.steampowered.com/news/app/1615290/view/3221774537402194390,1615290
Recollection,Sat Apr 29 2023,170,$634.00,https://www.reddit.com/r/gamedev/comments/131x83g/i_released_my_first_solodeveloped_indie_game_last/,1804610
reIterate(),Mon Feb 14 2022,264,undefined,https://www.youtube.com/watch?v=e7cwJqvq_Fo,1531620
Roll,Wed Apr 20 2022,22415,undefined,https://www.youtube.com/watch?v=e7cwJqvq_Fo,1585910
Rust,Tue Dec 07 2021,12400000,undefined,"https://www.statista.com/statistics/1284024/rust-units-sold/#:~:text=Rust%20units%20sold%20worldwide%202021&text=As%20of%20December%202021%2C%20survival,unit%20sales%20in%20February%202014.",252490
Salome's Kiss,Sun Oct 02 2022,1000,undefined,https://twitter.com/ebihimes/status/1565900328905555968,1779960
Sands of Salzaar,Wed Jul 27 2022,1000000,undefined,https://store.steampowered.com/news/app/1094520/view/3389539955798694627,1094520
Sea of Thieves 2023 Edition,Wed Dec 22 2021,5000000,undefined,https://twitter.com/SeaOfThieves/status/1473720796182986766,1172620
Shipped,Fri Jan 20 2023,9500,"$24,000.00",https://www.reddit.com/r/gamedev/comments/10guzhc/a_new_way_to_estimate_steam_game_sales/,1037190
Shutter 2,Wed Nov 02 2022,400,undefined,https://twitter.com/DonislawDev/status/1537075457597767681,1336620
Sifu,Fri Mar 31 2023,50000,undefined,https://www.resetera.com/threads/sifu-reached-50k-copies-sold-on-steam-since-launch.703763/,2138710
Slime Rancher,Thu Jan 13 2022,5000000,undefined,https://store.steampowered.com/news/app/433340/view/3112550823870326084,433340
Son of a Witch,Mon May 09 2022,23000,undefined,https://www.reddit.com/r/gamedev/comments/ull9c7/honestly_how_accurate_is_steamspy_data_with/,539400
Sons Of The Forest,Fri Feb 24 2023,2000000,undefined,https://twitter.com/thegameawards/status/1629332923081187333,1326470
SpeedRunners,Tue Apr 05 2016,1000000,undefined,https://www.gamesear.com/indie-games/speedrunners-has-sold-1-million-copies-and-is-leaving-steam-early-access-on-april-19,207140
Sqroma,Tue Mar 07 2023,211,undefined,undefined,1730000
Stacklands,Sun Jul 10 2022,450000,undefined,https://newsletter.gamediscover.co/i/63566671/sokpop-stacklands-and-the-vibe-shift-made-real,1948280
Stardew Valley,Sun May 15 2022,13000000,undefined,https://en.wikipedia.org/wiki/Stardew_Valley#Sales,413150
Stationeers,Fri Jan 20 2023,173000,"$3,800,000.00",https://www.reddit.com/r/gamedev/comments/10guzhc/a_new_way_to_estimate_steam_game_sales/,544550
Supraland,Sun Jun 28 2020,250000,undefined,https://store.steampowered.com/news/app/813630/view/2523653800675688324,813630
The Companion,Mon Nov 21 2022,3000,undefined,https://twitter.com/AtStudio46/status/1594710710772445184,1392780
The Dungeon Beneath,Tue Mar 30 2021,3648,"$49,047.00",https://www.reddit.com/r/gamedev/comments/mggkq6/releasing_a_game_in_9_months_a_postmortem_by_the/,1359120
The Pale Beyond,Sat Feb 25 2023,6089,undefined,https://twitter.com/thegameawards/status/1629332923081187333,1266030
The Planet Crafter,Fri Mar 24 2023,500000,undefined,https://steamcommunity.com/games/1284190/announcements/detail/3683421574558938359,1284190
The Riftbreaker,Thu Oct 13 2022,500000,undefined,https://newsletter.gamediscover.co/i/113645781/steam-wishlist-conversion-by-age-newish-data,780310
The Wandering Village,Sat Mar 25 2023,224000,undefined,https://twitter.com/search?q=steam%20copies%20sold&src=typed_query,1121640
The Witcher® 3: Wild Hunt,Wed Apr 08 2020,12000000,undefined,undefined,292030
The Wreck,Mon Apr 17 2023,1000,undefined,https://www.reddit.com/r/gamedev/comments/12p8qlk/why_the_hell_do_we_even_bother_making_indie_games/,1687960
Tile Cities,Sun Jul 10 2022,14000,undefined,https://www.reddit.com/r/gamedev/comments/vvs9g5/i_didnt_market_my_game_and_it_sold_well/,1957990
Tilecraft,Wed Nov 30 2022,1200,undefined,https://www.reddit.com/r/gamedev/comments/z8uvjr/how_my_first_game_sold_over_1200_copies_with_0/,2164880
Tinyfolks,Thu Jun 09 2022,10000,undefined,https://twitter.com/pyairvander/status/1534937875674021890,1909420
Townscaper,Wed May 19 2021,380000,undefined,"https://www.mcvuk.com/business-news/when-we-made-townscaper/#:~:text=Game%20Release%20Dates-,Townscaper%20%E2%80%93%20the%20game%20which%20isn't%20a%20game%2C%20but,sold%20380%2C000%20copies%20on%20Steam",1291340
Train Fever,Wed Nov 25 2015,81000,undefined,http://www.train-fever.com/2015/11/behind-the-scenes-4-sales/,304730
Valheim,Mon Apr 25 2022,10000000,undefined,https://www.statista.com/statistics/1268480/valheim-global-unit-sales/,892970
Warsim: The Realm of Aslona,Sun Dec 12 2021,30000,undefined,https://twitter.com/HuwMillward/status/1470139899282178052,659540
Wartales,Thu Apr 27 2023,600000,undefined,https://www.gamedeveloper.com/business/wartales-has-sold-over-600-000-copies-since-launching-in-early-access,1527950
Watch Your Plastic Duck,Mon Jan 30 2023,1400,undefined,https://www.reddit.com/r/gamedev/comments/10p945l/results_of_the_first_5_months_after_game_release/,2088360
West Hunt,Fri Feb 03 2023,110000,undefined,https://gamesindustryafrica.com/2023/02/03/west-hunt-shifts-over-100k-units-in-early-access/,1570330
Will You Snail?,Fri Mar 18 2022,7500,undefined,https://www.youtube.com/watch?v=e7cwJqvq_Fo,1115050
Winter Falling: Battle Tactics,Wed Nov 30 2022,3197,undefined,https://www.reddit.com/r/Unity2D/comments/z8uwmi/cccombo_my_first_steam_game_just_sold_3k_copies/,1285060
Yerba Mate Tycoon,Wed Jun 15 2022,2048,undefined,https://twitter.com/DonislawDev/status/1537075457597767681,1404560
Yi Xian: The Cultivation Card Game,Sat Jan 21 2023,100000,undefined,https://twitter.com/XianCard/status/1617009160284930048,1948800